name;source;target;adjacency
eefde0;Hefdeuren;Bewegingswerken Deuren;4
eefde1;Hefdeuren;Nivelleerschuiven;1
eefde2;Hefdeuren;Bewegingswerken nivelleerschuiven;1
eefde3;Hefdeuren;Sluishoofd constructie;2
eefde4;Hefdeuren;Scheepsvaartvoorzieningen;2
eefde5;Hefdeuren;Objectverlichting;2
eefde6;Hefdeuren;Veiligheidsmiddelen (Incl. detectie);2
eefde7;Hefdeuren;Schip;2
eefde8;Bewegingswerken Deuren;Hefdeuren;4
eefde9;Bewegingswerken Deuren;Sluishoofd constructie;2
eefde10;Bewegingswerken Deuren;Hoogspanningsinstallatie;1
eefde11;Bewegingswerken Deuren;Noodstroomvoorziening;2
eefde12;Bewegingswerken Deuren;Bediensysteem regulier proces;1
eefde13;Bewegingswerken Deuren;Bediensysteem onderhoud;2
eefde14;Bewegingswerken Deuren;Bediensysteem noodbediening;1
eefde15;Bewegingswerken Deuren;Besturingssystemen;2
eefde16;Bewegingswerken Deuren;Bliksem en overspanningsbeveiliging;2
eefde17;Nivelleerschuiven;Hefdeuren;1
eefde18;Nivelleerschuiven;Bewegingswerken nivelleerschuiven;4
eefde19;Bewegingswerken nivelleerschuiven;Hefdeuren;1
eefde20;Bewegingswerken nivelleerschuiven;Nivelleerschuiven;4
eefde21;Bewegingswerken nivelleerschuiven;Hoogspanningsinstallatie;1
eefde22;Bewegingswerken nivelleerschuiven;Noodstroomvoorziening;2
eefde23;Bewegingswerken nivelleerschuiven;Bediensysteem regulier proces;1
eefde24;Bewegingswerken nivelleerschuiven;Bediensysteem onderhoud;2
eefde25;Bewegingswerken nivelleerschuiven;Bediensysteem noodbediening;1
eefde26;Bewegingswerken nivelleerschuiven;Besturingssystemen;2
eefde27;Bewegingswerken nivelleerschuiven;Bliksem en overspanningsbeveiliging;2
eefde28;Sluishoofd constructie;Hefdeuren;2
eefde29;Sluishoofd constructie;Bewegingswerken Deuren;2
eefde30;Sluishoofd constructie;Onder- /achterloopheidsschermen;1
eefde31;Sluishoofd constructie;Bubbelscherm;2
eefde32;Sluishoofd constructie;Kolkwand;1
eefde33;Sluishoofd constructie;Fuik;1
eefde34;Sluishoofd constructie;Laagspanningsinstallatie;2
eefde35;Sluishoofd constructie;Noodstop;1
eefde36;Sluishoofd constructie;Objectverlichting;1
eefde37;Sluishoofd constructie;Bliksem en overspanningsbeveiliging;2
eefde38;Sluishoofd constructie;Veiligheidsmiddelen (Incl. detectie);2
eefde39;Sluishoofd constructie;Brandmeld installatie;1
eefde40;Sluishoofd constructie;Scheepsvaart tekens;2
eefde41;Sluishoofd constructie;Schip;2
eefde42;Onder- /achterloopheidsschermen;Sluishoofd constructie;1
eefde43;Onder- /achterloopheidsschermen;Bodembescherming;1
eefde44;Onder- /achterloopheidsschermen;Fuik;1
eefde45;Onder- /achterloopheidsschermen;Bodembescherming voorhaven;1
eefde46;Bubbelscherm;Sluishoofd constructie;2
eefde47;Bubbelscherm;Hoogspanningsinstallatie;2
eefde48;Bubbelscherm;Bediensysteem regulier proces;1
eefde49;Bubbelscherm;Bediensysteem onderhoud;2
eefde50;Bubbelscherm;Besturingssystemen;2
eefde51;Bubbelscherm;Bliksem en overspanningsbeveiliging;2
eefde52;Kolkwand;Sluishoofd constructie;1
eefde53;Kolkwand;Bodembescherming;1
eefde54;Kolkwand;Scheepsvaartvoorzieningen;2
eefde55;Kolkwand;Noodstop;1
eefde56;Kolkwand;Objectverlichting;2
eefde57;Kolkwand;Scheepsvaart tekens;2
eefde58;Kolkwand;Niveau meetsysteem;2
eefde59;Kolkwand;Schip;2
eefde60;Bodembescherming;Onder- /achterloopheidsschermen;1
eefde61;Bodembescherming;Kolkwand;1
eefde62;Bodembescherming;Fuik;1
eefde63;Scheepsvaartvoorzieningen;Hefdeuren;2
eefde64;Scheepsvaartvoorzieningen;Kolkwand;2
eefde65;Scheepsvaartvoorzieningen;Fuik;2
eefde66;Scheepsvaartvoorzieningen;Opstelruimte;1
eefde67;Scheepsvaartvoorzieningen;Wachtruimte;1
eefde68;Scheepsvaartvoorzieningen;Oeverbescherming;1
eefde69;Scheepsvaartvoorzieningen;Objectverlichting;2
eefde70;Scheepsvaartvoorzieningen;Puntdeuren V;2
eefde71;Scheepsvaartvoorzieningen;Schip;2
eefde72;Fuik;Sluishoofd constructie;1
eefde73;Fuik;Onder- /achterloopheidsschermen;1
eefde74;Fuik;Bodembescherming;1
eefde75;Fuik;Scheepsvaartvoorzieningen;2
eefde76;Fuik;Wachtruimte;1
eefde77;Fuik;Bodembescherming voorhaven;1
eefde78;Fuik;Objectverlichting;1
eefde79;Fuik;Veiligheidsmiddelen (Incl. detectie);1
eefde80;Fuik;Scheepsvaart tekens;2
eefde81;Fuik;Niveau meetsysteem;2
eefde82;Fuik;Schip;1
eefde83;Opstelruimte;Scheepsvaartvoorzieningen;1
eefde84;Opstelruimte;Wachtruimte;1
eefde85;Opstelruimte;Bodembescherming voorhaven;1
eefde86;Opstelruimte;Objectverlichting;2
eefde87;Opstelruimte;Scheepsvaart tekens;2
eefde88;Opstelruimte;Schip;2
eefde89;Wachtruimte;Scheepsvaartvoorzieningen;1
eefde90;Wachtruimte;Fuik;1
eefde91;Wachtruimte;Opstelruimte;1
eefde92;Wachtruimte;Uitlooplengte;1
eefde93;Wachtruimte;Bodembescherming voorhaven;1
eefde94;Wachtruimte;Schip;1
eefde95;Uitlooplengte;Wachtruimte;1
eefde96;Uitlooplengte;Schip;1
eefde97;Bodembescherming voorhaven;Onder- /achterloopheidsschermen;1
eefde98;Bodembescherming voorhaven;Fuik;1
eefde99;Bodembescherming voorhaven;Opstelruimte;1
eefde100;Bodembescherming voorhaven;Wachtruimte;1
eefde101;Oeverbescherming;Scheepsvaartvoorzieningen;1
eefde102;Energie aansluiting;Laagspanningsinstallatie;2
eefde103;Energie aansluiting;Hoogspanningsinstallatie;1
eefde104;Energie aansluiting;Bediengebouw apparatenruimte;1
eefde105;Laagspanningsinstallatie;Sluishoofd constructie;2
eefde106;Laagspanningsinstallatie;Energie aansluiting;2
eefde107;Laagspanningsinstallatie;Bediensysteem regulier proces;1
eefde108;Laagspanningsinstallatie;Bediensysteem onderhoud;2
eefde109;Laagspanningsinstallatie;Noodstop;1
eefde110;Laagspanningsinstallatie;Bediensysteem noodbediening;1
eefde111;Laagspanningsinstallatie;Besturingssystemen;1
eefde112;Laagspanningsinstallatie;Telefoon;1
eefde113;Laagspanningsinstallatie;Bediengebouw apparatenruimte;2
eefde114;Laagspanningsinstallatie;Objectverlichting;1
eefde115;Laagspanningsinstallatie;Veiligheidsmiddelen (Incl. detectie);1
eefde116;Laagspanningsinstallatie;Brandmeld installatie;1
eefde117;Laagspanningsinstallatie;Akoustische en visuele signalering;1
eefde118;Laagspanningsinstallatie;Omroepinstallatie;1
eefde119;Laagspanningsinstallatie;Praatpaalinstallatie;1
eefde120;Laagspanningsinstallatie;Intercominstallatie;1
eefde121;Laagspanningsinstallatie;Marifooninstallatie;1
eefde122;Laagspanningsinstallatie;CCTV installatie;1
eefde123;Laagspanningsinstallatie;Radarinstallatie;1
eefde124;Laagspanningsinstallatie;Meteo installatie;1
eefde125;Laagspanningsinstallatie;Scheepsvaart tekens;1
eefde126;Laagspanningsinstallatie;Niveau meetsysteem;1
eefde127;Laagspanningsinstallatie;Logging;1
eefde128;Laagspanningsinstallatie;Sluishoofd constructie V;2
eefde129;Hoogspanningsinstallatie;Bewegingswerken Deuren;1
eefde130;Hoogspanningsinstallatie;Bewegingswerken nivelleerschuiven;1
eefde131;Hoogspanningsinstallatie;Bubbelscherm;2
eefde132;Hoogspanningsinstallatie;Energie aansluiting;1
eefde133;Hoogspanningsinstallatie;Bediengebouw apparatenruimte;1
eefde134;Hoogspanningsinstallatie;Bewegingswerken Deuren V;1
eefde135;Hoogspanningsinstallatie;Bewegingswerken nivelleerschuiven V;1
eefde136;Noodstroomvoorziening;Bewegingswerken Deuren;2
eefde137;Noodstroomvoorziening;Bewegingswerken nivelleerschuiven;2
eefde138;Noodstroomvoorziening;Bediensysteem regulier proces;2
eefde139;Noodstroomvoorziening;Noodstop;2
eefde140;Noodstroomvoorziening;Bediensysteem noodbediening;2
eefde141;Noodstroomvoorziening;Besturingssystemen;2
eefde142;Noodstroomvoorziening;Telefoon;2
eefde143;Noodstroomvoorziening;Bediengebouw apparatenruimte;3
eefde144;Noodstroomvoorziening;Objectverlichting;2
eefde145;Noodstroomvoorziening;Veiligheidsmiddelen (Incl. detectie);2
eefde146;Noodstroomvoorziening;Brandmeld installatie;1
eefde147;Noodstroomvoorziening;Akoustische en visuele signalering;2
eefde148;Noodstroomvoorziening;Omroepinstallatie;2
eefde149;Noodstroomvoorziening;Praatpaalinstallatie;2
eefde150;Noodstroomvoorziening;Intercominstallatie;2
eefde151;Noodstroomvoorziening;Marifooninstallatie;2
eefde152;Noodstroomvoorziening;CCTV installatie;2
eefde153;Noodstroomvoorziening;Radarinstallatie;2
eefde154;Noodstroomvoorziening;Meteo installatie;2
eefde155;Noodstroomvoorziening;Scheepsvaart tekens;2
eefde156;Noodstroomvoorziening;Niveau meetsysteem;2
eefde157;Noodstroomvoorziening;Logging;2
eefde158;Noodstroomvoorziening;Bewegingswerken Deuren V;2
eefde159;Noodstroomvoorziening;Bewegingswerken nivelleerschuiven V;2
eefde160;Bediensysteem regulier proces;Bewegingswerken Deuren;1
eefde161;Bediensysteem regulier proces;Bewegingswerken nivelleerschuiven;1
eefde162;Bediensysteem regulier proces;Bubbelscherm;1
eefde163;Bediensysteem regulier proces;Laagspanningsinstallatie;1
eefde164;Bediensysteem regulier proces;Noodstroomvoorziening;2
eefde165;Bediensysteem regulier proces;Bediensysteem onderhoud;1
eefde166;Bediensysteem regulier proces;Noodstop;1
eefde167;Bediensysteem regulier proces;Besturingssystemen;2
eefde168;Bediensysteem regulier proces;Bedienaar/onderhoudsman;4
eefde169;Bediensysteem regulier proces;Bediengebouw apparatenruimte;2
eefde170;Bediensysteem regulier proces;Brandmeld installatie;1
eefde171;Bediensysteem regulier proces;Akoustische en visuele signalering;1
eefde172;Bediensysteem regulier proces;Scheepsvaart tekens;1
eefde173;Bediensysteem regulier proces;Niveau meetsysteem;1
eefde174;Bediensysteem regulier proces;Logging;1
eefde175;Bediensysteem regulier proces;Bewegingswerken Deuren V;1
eefde176;Bediensysteem regulier proces;Bewegingswerken nivelleerschuiven V;1
eefde177;Bediensysteem onderhoud;Bewegingswerken Deuren;2
eefde178;Bediensysteem onderhoud;Bewegingswerken nivelleerschuiven;2
eefde179;Bediensysteem onderhoud;Bubbelscherm;2
eefde180;Bediensysteem onderhoud;Laagspanningsinstallatie;2
eefde181;Bediensysteem onderhoud;Bediensysteem regulier proces;1
eefde182;Bediensysteem onderhoud;Noodstop;1
eefde183;Bediensysteem onderhoud;Besturingssystemen;1
eefde184;Bediensysteem onderhoud;Bedienaar/onderhoudsman;4
eefde185;Bediensysteem onderhoud;Bediengebouw apparatenruimte;2
eefde186;Bediensysteem onderhoud;Akoustische en visuele signalering;1
eefde187;Bediensysteem onderhoud;Scheepsvaart tekens;2
eefde188;Bediensysteem onderhoud;Niveau meetsysteem;2
eefde189;Bediensysteem onderhoud;Logging;1
eefde190;Bediensysteem onderhoud;Bewegingswerken Deuren V;2
eefde191;Bediensysteem onderhoud;Bewegingswerken nivelleerschuiven V;2
eefde192;Noodstop;Sluishoofd constructie;1
eefde193;Noodstop;Kolkwand;1
eefde194;Noodstop;Laagspanningsinstallatie;1
eefde195;Noodstop;Noodstroomvoorziening;2
eefde196;Noodstop;Bediensysteem regulier proces;1
eefde197;Noodstop;Bediensysteem onderhoud;1
eefde198;Noodstop;Bediensysteem noodbediening;1
eefde199;Noodstop;Besturingssystemen;2
eefde200;Noodstop;Bedienaar/onderhoudsman;4
eefde201;Noodstop;Bediengebouw apparatenruimte;1
eefde202;Noodstop;Logging;1
eefde203;Noodstop;Sluishoofd constructie V;1
eefde204;Bediensysteem noodbediening;Bewegingswerken Deuren;1
eefde205;Bediensysteem noodbediening;Bewegingswerken nivelleerschuiven;1
eefde206;Bediensysteem noodbediening;Laagspanningsinstallatie;1
eefde207;Bediensysteem noodbediening;Noodstroomvoorziening;2
eefde208;Bediensysteem noodbediening;Noodstop;1
eefde209;Bediensysteem noodbediening;Besturingssystemen;2
eefde210;Bediensysteem noodbediening;Bedienaar/onderhoudsman;4
eefde211;Bediensysteem noodbediening;Bediengebouw apparatenruimte;2
eefde212;Bediensysteem noodbediening;Brandmeld installatie;1
eefde213;Bediensysteem noodbediening;Akoustische en visuele signalering;1
eefde214;Bediensysteem noodbediening;Scheepsvaart tekens;1
eefde215;Bediensysteem noodbediening;Niveau meetsysteem;1
eefde216;Bediensysteem noodbediening;Logging;1
eefde217;Bediensysteem noodbediening;Bewegingswerken Deuren V;1
eefde218;Bediensysteem noodbediening;Bewegingswerken nivelleerschuiven V;1
eefde219;Besturingssystemen;Bewegingswerken Deuren;2
eefde220;Besturingssystemen;Bewegingswerken nivelleerschuiven;2
eefde221;Besturingssystemen;Bubbelscherm;2
eefde222;Besturingssystemen;Laagspanningsinstallatie;1
eefde223;Besturingssystemen;Noodstroomvoorziening;2
eefde224;Besturingssystemen;Bediensysteem regulier proces;2
eefde225;Besturingssystemen;Bediensysteem onderhoud;1
eefde226;Besturingssystemen;Noodstop;2
eefde227;Besturingssystemen;Bediensysteem noodbediening;2
eefde228;Besturingssystemen;Bedienaar/onderhoudsman;3
eefde229;Besturingssystemen;Bediengebouw apparatenruimte;1
eefde230;Besturingssystemen;Veiligheidsmiddelen (Incl. detectie);2
eefde231;Besturingssystemen;Brandmeld installatie;2
eefde232;Besturingssystemen;Akoustische en visuele signalering;2
eefde233;Besturingssystemen;Meteo installatie;1
eefde234;Besturingssystemen;Scheepsvaart tekens;2
eefde235;Besturingssystemen;Niveau meetsysteem;2
eefde236;Besturingssystemen;Logging;2
eefde237;Besturingssystemen;Bewegingswerken Deuren V;2
eefde238;Besturingssystemen;Bewegingswerken nivelleerschuiven V;2
eefde239;Bedienaar/onderhoudsman;Bediensysteem regulier proces;4
eefde240;Bedienaar/onderhoudsman;Bediensysteem onderhoud;4
eefde241;Bedienaar/onderhoudsman;Noodstop;4
eefde242;Bedienaar/onderhoudsman;Bediensysteem noodbediening;4
eefde243;Bedienaar/onderhoudsman;Besturingssystemen;3
eefde244;Bedienaar/onderhoudsman;Telefoon;4
eefde245;Bedienaar/onderhoudsman;Bediengebouw apparatenruimte;2
eefde246;Bedienaar/onderhoudsman;Brandmeld installatie;2
eefde247;Bedienaar/onderhoudsman;Omroepinstallatie;4
eefde248;Bedienaar/onderhoudsman;Praatpaalinstallatie;4
eefde249;Bedienaar/onderhoudsman;Intercominstallatie;4
eefde250;Bedienaar/onderhoudsman;Marifooninstallatie;4
eefde251;Bedienaar/onderhoudsman;CCTV installatie;4
eefde252;Bedienaar/onderhoudsman;Radarinstallatie;4
eefde253;Bedienaar/onderhoudsman;Meteo installatie;4
eefde254;Bedienaar/onderhoudsman;Niveau meetsysteem;1
eefde255;Bedienaar/onderhoudsman;Logging;3
eefde256;Bedienaar/onderhoudsman;Schip;1
eefde257;Telefoon;Laagspanningsinstallatie;1
eefde258;Telefoon;Noodstroomvoorziening;2
eefde259;Telefoon;Bedienaar/onderhoudsman;4
eefde260;Telefoon;Bediengebouw apparatenruimte;2
eefde261;Telefoon;Schip;4
eefde262;Bediengebouw apparatenruimte;Energie aansluiting;1
eefde263;Bediengebouw apparatenruimte;Laagspanningsinstallatie;2
eefde264;Bediengebouw apparatenruimte;Hoogspanningsinstallatie;1
eefde265;Bediengebouw apparatenruimte;Noodstroomvoorziening;3
eefde266;Bediengebouw apparatenruimte;Bediensysteem regulier proces;2
eefde267;Bediengebouw apparatenruimte;Bediensysteem onderhoud;2
eefde268;Bediengebouw apparatenruimte;Noodstop;1
eefde269;Bediengebouw apparatenruimte;Bediensysteem noodbediening;2
eefde270;Bediengebouw apparatenruimte;Besturingssystemen;1
eefde271;Bediengebouw apparatenruimte;Bedienaar/onderhoudsman;2
eefde272;Bediengebouw apparatenruimte;Telefoon;2
eefde273;Bediengebouw apparatenruimte;Objectverlichting;1
eefde274;Bediengebouw apparatenruimte;Bliksem en overspanningsbeveiliging;2
eefde275;Bediengebouw apparatenruimte;Brandmeld installatie;1
eefde276;Bediengebouw apparatenruimte;Intercominstallatie;2
eefde277;Bediengebouw apparatenruimte;Marifooninstallatie;2
eefde278;Bediengebouw apparatenruimte;Logging;1
eefde279;Objectverlichting;Hefdeuren;2
eefde280;Objectverlichting;Sluishoofd constructie;1
eefde281;Objectverlichting;Kolkwand;2
eefde282;Objectverlichting;Scheepsvaartvoorzieningen;2
eefde283;Objectverlichting;Fuik;1
eefde284;Objectverlichting;Opstelruimte;2
eefde285;Objectverlichting;Laagspanningsinstallatie;1
eefde286;Objectverlichting;Noodstroomvoorziening;2
eefde287;Objectverlichting;Bediengebouw apparatenruimte;1
eefde288;Objectverlichting;Scheepsvaart tekens;2
eefde289;Objectverlichting;Puntdeuren V;2
eefde290;Objectverlichting;Sluishoofd constructie V;1
eefde291;Objectverlichting;Schip;2
eefde292;Bliksem en overspanningsbeveiliging;Bewegingswerken Deuren;2
eefde293;Bliksem en overspanningsbeveiliging;Bewegingswerken nivelleerschuiven;2
eefde294;Bliksem en overspanningsbeveiliging;Sluishoofd constructie;2
eefde295;Bliksem en overspanningsbeveiliging;Bubbelscherm;2
eefde296;Bliksem en overspanningsbeveiliging;Bediengebouw apparatenruimte;2
eefde297;Bliksem en overspanningsbeveiliging;Bewegingswerken Deuren V;2
eefde298;Bliksem en overspanningsbeveiliging;Bewegingswerken nivelleerschuiven V;2
eefde299;Bliksem en overspanningsbeveiliging;Sluishoofd constructie V;2
eefde300;Veiligheidsmiddelen (Incl. detectie);Hefdeuren;2
eefde301;Veiligheidsmiddelen (Incl. detectie);Sluishoofd constructie;2
eefde302;Veiligheidsmiddelen (Incl. detectie);Fuik;1
eefde303;Veiligheidsmiddelen (Incl. detectie);Laagspanningsinstallatie;1
eefde304;Veiligheidsmiddelen (Incl. detectie);Noodstroomvoorziening;2
eefde305;Veiligheidsmiddelen (Incl. detectie);Besturingssystemen;2
eefde306;Veiligheidsmiddelen (Incl. detectie);Sluishoofd constructie V;2
eefde307;Veiligheidsmiddelen (Incl. detectie);Schip;2
eefde308;Brandmeld installatie;Sluishoofd constructie;1
eefde309;Brandmeld installatie;Laagspanningsinstallatie;1
eefde310;Brandmeld installatie;Noodstroomvoorziening;1
eefde311;Brandmeld installatie;Bediensysteem regulier proces;1
eefde312;Brandmeld installatie;Noodstop;1
eefde313;Brandmeld installatie;Besturingssystemen;2
eefde314;Brandmeld installatie;Bedienaar/onderhoudsman;2
eefde315;Brandmeld installatie;Bediengebouw apparatenruimte;1
eefde316;Brandmeld installatie;Logging;1
eefde317;Brandmeld installatie;Sluishoofd constructie V;1
eefde318;Akoustische en visuele signalering;Laagspanningsinstallatie;1
eefde319;Akoustische en visuele signalering;Noodstroomvoorziening;2
eefde320;Akoustische en visuele signalering;Bediensysteem regulier proces;1
eefde321;Akoustische en visuele signalering;Bediensysteem onderhoud;1
eefde322;Akoustische en visuele signalering;Noodstop;1
eefde323;Akoustische en visuele signalering;Besturingssystemen;2
eefde324;Akoustische en visuele signalering;Logging;1
eefde325;Akoustische en visuele signalering;Schip;4
eefde326;Omroepinstallatie;Laagspanningsinstallatie;1
eefde327;Omroepinstallatie;Noodstroomvoorziening;2
eefde328;Omroepinstallatie;Bedienaar/onderhoudsman;4
eefde329;Omroepinstallatie;Logging;1
eefde330;Omroepinstallatie;Schip;1
eefde331;Praatpaalinstallatie;Laagspanningsinstallatie;1
eefde332;Praatpaalinstallatie;Noodstroomvoorziening;2
eefde333;Praatpaalinstallatie;Bedienaar/onderhoudsman;4
eefde334;Praatpaalinstallatie;Logging;1
eefde335;Intercominstallatie;Laagspanningsinstallatie;1
eefde336;Intercominstallatie;Noodstroomvoorziening;2
eefde337;Intercominstallatie;Bedienaar/onderhoudsman;4
eefde338;Intercominstallatie;Bediengebouw apparatenruimte;2
eefde339;Intercominstallatie;Logging;1
eefde340;Marifooninstallatie;Laagspanningsinstallatie;1
eefde341;Marifooninstallatie;Noodstroomvoorziening;2
eefde342;Marifooninstallatie;Bedienaar/onderhoudsman;4
eefde343;Marifooninstallatie;Bediengebouw apparatenruimte;2
eefde344;Marifooninstallatie;Logging;1
eefde345;Marifooninstallatie;Schip;2
eefde346;CCTV installatie;Laagspanningsinstallatie;1
eefde347;CCTV installatie;Noodstroomvoorziening;2
eefde348;CCTV installatie;Bedienaar/onderhoudsman;4
eefde349;CCTV installatie;Logging;1
eefde350;Radarinstallatie;Laagspanningsinstallatie;1
eefde351;Radarinstallatie;Noodstroomvoorziening;2
eefde352;Radarinstallatie;Bedienaar/onderhoudsman;4
eefde353;Radarinstallatie;Logging;1
eefde354;Meteo installatie;Laagspanningsinstallatie;1
eefde355;Meteo installatie;Noodstroomvoorziening;2
eefde356;Meteo installatie;Besturingssystemen;1
eefde357;Meteo installatie;Bedienaar/onderhoudsman;4
eefde358;Meteo installatie;Logging;1
eefde359;Scheepsvaart tekens;Sluishoofd constructie;2
eefde360;Scheepsvaart tekens;Kolkwand;2
eefde361;Scheepsvaart tekens;Fuik;2
eefde362;Scheepsvaart tekens;Opstelruimte;2
eefde363;Scheepsvaart tekens;Laagspanningsinstallatie;1
eefde364;Scheepsvaart tekens;Noodstroomvoorziening;2
eefde365;Scheepsvaart tekens;Bediensysteem regulier proces;1
eefde366;Scheepsvaart tekens;Bediensysteem onderhoud;2
eefde367;Scheepsvaart tekens;Bediensysteem noodbediening;1
eefde368;Scheepsvaart tekens;Besturingssystemen;2
eefde369;Scheepsvaart tekens;Objectverlichting;2
eefde370;Scheepsvaart tekens;Logging;1
eefde371;Scheepsvaart tekens;Sluishoofd constructie V;2
eefde372;Scheepsvaart tekens;Schip;4
eefde373;Niveau meetsysteem;Kolkwand;2
eefde374;Niveau meetsysteem;Fuik;2
eefde375;Niveau meetsysteem;Laagspanningsinstallatie;1
eefde376;Niveau meetsysteem;Noodstroomvoorziening;2
eefde377;Niveau meetsysteem;Bediensysteem regulier proces;1
eefde378;Niveau meetsysteem;Bediensysteem onderhoud;2
eefde379;Niveau meetsysteem;Bediensysteem noodbediening;1
eefde380;Niveau meetsysteem;Besturingssystemen;2
eefde381;Niveau meetsysteem;Bedienaar/onderhoudsman;1
eefde382;Niveau meetsysteem;Logging;1
eefde383;Niveau meetsysteem;Sluishoofd constructie V;2
eefde384;Logging;Laagspanningsinstallatie;1
eefde385;Logging;Noodstroomvoorziening;2
eefde386;Logging;Bediensysteem regulier proces;1
eefde387;Logging;Bediensysteem onderhoud;1
eefde388;Logging;Noodstop;1
eefde389;Logging;Bediensysteem noodbediening;1
eefde390;Logging;Besturingssystemen;2
eefde391;Logging;Bedienaar/onderhoudsman;3
eefde392;Logging;Bediengebouw apparatenruimte;1
eefde393;Logging;Brandmeld installatie;1
eefde394;Logging;Akoustische en visuele signalering;1
eefde395;Logging;Omroepinstallatie;1
eefde396;Logging;Praatpaalinstallatie;1
eefde397;Logging;Intercominstallatie;1
eefde398;Logging;Marifooninstallatie;1
eefde399;Logging;CCTV installatie;1
eefde400;Logging;Radarinstallatie;1
eefde401;Logging;Meteo installatie;1
eefde402;Logging;Scheepsvaart tekens;1
eefde403;Logging;Niveau meetsysteem;1
eefde404;Puntdeuren V;Scheepsvaartvoorzieningen;2
eefde405;Puntdeuren V;Objectverlichting;2
eefde406;Puntdeuren V;Bewegingswerken Deuren V;4
eefde407;Puntdeuren V;Nivelleerschuiven V;1
eefde408;Puntdeuren V;Bewegingswerken nivelleerschuiven V;1
eefde409;Puntdeuren V;Sluishoofd constructie V;2
eefde410;Puntdeuren V;Schip;2
eefde411;Bewegingswerken Deuren V;Hoogspanningsinstallatie;1
eefde412;Bewegingswerken Deuren V;Noodstroomvoorziening;2
eefde413;Bewegingswerken Deuren V;Bediensysteem regulier proces;1
eefde414;Bewegingswerken Deuren V;Bediensysteem onderhoud;2
eefde415;Bewegingswerken Deuren V;Bediensysteem noodbediening;1
eefde416;Bewegingswerken Deuren V;Besturingssystemen;2
eefde417;Bewegingswerken Deuren V;Bliksem en overspanningsbeveiliging;2
eefde418;Bewegingswerken Deuren V;Puntdeuren V;4
eefde419;Bewegingswerken Deuren V;Sluishoofd constructie V;2
eefde420;Nivelleerschuiven V;Puntdeuren V;1
eefde421;Nivelleerschuiven V;Bewegingswerken nivelleerschuiven V;4
eefde422;Bewegingswerken nivelleerschuiven V;Hoogspanningsinstallatie;1
eefde423;Bewegingswerken nivelleerschuiven V;Noodstroomvoorziening;2
eefde424;Bewegingswerken nivelleerschuiven V;Bediensysteem regulier proces;1
eefde425;Bewegingswerken nivelleerschuiven V;Bediensysteem onderhoud;2
eefde426;Bewegingswerken nivelleerschuiven V;Bediensysteem noodbediening;1
eefde427;Bewegingswerken nivelleerschuiven V;Besturingssystemen;2
eefde428;Bewegingswerken nivelleerschuiven V;Bliksem en overspanningsbeveiliging;2
eefde429;Bewegingswerken nivelleerschuiven V;Puntdeuren V;1
eefde430;Bewegingswerken nivelleerschuiven V;Nivelleerschuiven V;4
eefde431;Sluishoofd constructie V;Laagspanningsinstallatie;2
eefde432;Sluishoofd constructie V;Noodstop;1
eefde433;Sluishoofd constructie V;Objectverlichting;1
eefde434;Sluishoofd constructie V;Bliksem en overspanningsbeveiliging;2
eefde435;Sluishoofd constructie V;Veiligheidsmiddelen (Incl. detectie);2
eefde436;Sluishoofd constructie V;Brandmeld installatie;1
eefde437;Sluishoofd constructie V;Scheepsvaart tekens;2
eefde438;Sluishoofd constructie V;Niveau meetsysteem;2
eefde439;Sluishoofd constructie V;Puntdeuren V;2
eefde440;Sluishoofd constructie V;Bewegingswerken Deuren V;2
eefde441;Sluishoofd constructie V;Onder- /achterloopheidsschermen V;1
eefde442;Sluishoofd constructie V;Schip;2
eefde443;Onder- /achterloopheidsschermen V;Sluishoofd constructie V;1
eefde444;Schip;Hefdeuren;2
eefde445;Schip;Sluishoofd constructie;2
eefde446;Schip;Kolkwand;2
eefde447;Schip;Scheepsvaartvoorzieningen;2
eefde448;Schip;Fuik;1
eefde449;Schip;Opstelruimte;2
eefde450;Schip;Wachtruimte;1
eefde451;Schip;Uitlooplengte;1
eefde452;Schip;Bedienaar/onderhoudsman;1
eefde453;Schip;Telefoon;4
eefde454;Schip;Objectverlichting;2
eefde455;Schip;Veiligheidsmiddelen (Incl. detectie);2
eefde456;Schip;Akoustische en visuele signalering;4
eefde457;Schip;Omroepinstallatie;1
eefde458;Schip;Marifooninstallatie;2
eefde459;Schip;Scheepsvaart tekens;4
eefde460;Schip;Puntdeuren V;2
eefde461;Schip;Sluishoofd constructie V;2
