img_17.jpg,0,catamaran
img_22.jpg,0,catamaran
img_19.jpg,0,catamaran
img_5.jpg,0,catamaran
img_8.jpeg,0,catamaran
img_24.jpeg,0,catamaran
img_3.jpg,0,catamaran
img_4.jpg,0,catamaran
img_21.jpg,0,catamaran
img_27.jpeg,0,catamaran
img_23.jpeg,0,catamaran
img_16.jpeg,0,catamaran
img_26.jpg,0,catamaran
img_1.jpg,0,catamaran
img_7.jpeg,0,catamaran
img_28.jpg,0,catamaran
img_0.jpg,0,catamaran
img_13.jpeg,0,catamaran
img_12.jpg,0,catamaran
img_15.jpeg,0,catamaran
img_6.jpeg,0,catamaran
img_30.jpg,0,catamaran
img_29.jpg,0,catamaran
img_9.jpg,0,catamaran
img_25.jpeg,0,catamaran
img_20.jpeg,0,catamaran
img_10.png,0,catamaran
img_2.jpg,0,catamaran
img_14.jpg,0,catamaran
img_18.jpg,0,catamaran
img_11.jpg,0,catamaran
img_17.jpg,1,rib
img_22.jpg,1,rib
img_8.jpg,1,rib
img_0.jpeg,1,rib
img_3.jpg,1,rib
img_4.jpg,1,rib
img_21.jpg,1,rib
img_23.jpeg,1,rib
img_18.jpeg,1,rib
img_16.jpeg,1,rib
img_24.jpg,1,rib
img_26.jpg,1,rib
img_1.jpg,1,rib
img_9.jpeg,1,rib
img_7.jpeg,1,rib
img_2.jpeg,1,rib
img_20.jpg,1,rib
img_28.jpg,1,rib
img_15.jpeg,1,rib
img_27.jpg,1,rib
img_19.jpeg,1,rib
img_30.jpg,1,rib
img_6.jpg,1,rib
img_29.jpg,1,rib
img_12.jpeg,1,rib
img_5.jpeg,1,rib
img_13.jpg,1,rib
img_25.jpeg,1,rib
img_14.jpeg,1,rib
img_10.jpg,1,rib
img_11.jpg,1,rib
img_7.jpg,2,single_hull
img_0.jpeg,2,single_hull
img_8.jpeg,2,single_hull
img_24.jpeg,2,single_hull
img_21.jpg,2,single_hull
img_22.jpeg,2,single_hull
img_18.jpeg,2,single_hull
img_16.jpeg,2,single_hull
img_26.jpg,2,single_hull
img_9.jpeg,2,single_hull
img_23.jpg,2,single_hull
img_13.jpeg,2,single_hull
img_12.jpg,2,single_hull
img_28.jpeg,2,single_hull
img_15.jpeg,2,single_hull
img_1.jpeg,2,single_hull
img_27.jpg,2,single_hull
img_19.jpeg,2,single_hull
img_30.jpg,2,single_hull
img_6.jpg,2,single_hull
img_29.jpg,2,single_hull
img_17.jpeg,2,single_hull
img_4.jpeg,2,single_hull
img_5.jpeg,2,single_hull
img_25.jpeg,2,single_hull
img_14.jpeg,2,single_hull
img_20.jpeg,2,single_hull
img_2.jpg,2,single_hull
img_3.jpeg,2,single_hull
img_10.jpg,2,single_hull
img_11.jpg,2,single_hull
img_17.jpg,3,trimaran
img_22.jpg,3,trimaran
img_14.png,3,trimaran
img_19.jpg,3,trimaran
img_8.jpg,3,trimaran
img_0.jpeg,3,trimaran
img_5.jpg,3,trimaran
img_18.jpeg,3,trimaran
img_24.jpg,3,trimaran
img_26.jpg,3,trimaran
img_1.jpg,3,trimaran
img_16.jpg,3,trimaran
img_10.jpeg,3,trimaran
img_9.jpeg,3,trimaran
img_7.jpeg,3,trimaran
img_11.jpeg,3,trimaran
img_28.jpg,3,trimaran
img_23.jpg,3,trimaran
img_13.jpeg,3,trimaran
img_15.jpeg,3,trimaran
img_27.jpg,3,trimaran
img_6.jpeg,3,trimaran
img_30.jpg,3,trimaran
img_29.jpeg,3,trimaran
img_12.jpeg,3,trimaran
img_4.jpeg,3,trimaran
img_25.jpeg,3,trimaran
img_20.jpeg,3,trimaran
img_2.jpg,3,trimaran
img_3.jpeg,3,trimaran
img_21.jpeg,3,trimaran
